<?xml version="1.0"?>
<config xmlns:xsi="http://www.w3.org/2001/XMLSchema-instance" xsi:noNamespaceSchemaLocation="urn:magento:framework:ObjectManager/etc/config.xsd">
    <preference for="Mansukh\Grid\Api\Data\GridInterface" type="Mansukh\Grid\Model\Grid" />

    <virtualType name="Mansukh\Grid\Model\ResourceModel\Grid\Grid\Collection" type="Magento\Framework\View\Element\UiComponent\DataProvider\SearchResult">
        <arguments>
            <argument name="mainTable" xsi:type="string">grid_records</argument>
            <argument name="resourceModel" xsi:type="string">Mansukh\Grid\Model\ResourceModel\Grid</argument>
        </arguments>
    </virtualType>
    <type name="Magento\Framework\View\Element\UiComponent\DataProvider\CollectionFactory">
        <arguments>
            <argument name="collections" xsi:type="array">
                <item name="grid_record_grid_list_data_source" xsi:type="string">Mansukh\Grid\Model\ResourceModel\Grid\Grid\Collection</item>
            </argument>
        </arguments>
    </type>    
</config>
